bond_id,company_id,issue_date,maturity_date,coupon_rate
9001,1001,2022-10-27,2031-04-23,3.61
9002,1002,2022-08-05,2037-02-11,4.67
9003,1003,2020-03-13,2040-12-05,4.51
9004,1004,2021-02-02,2036-01-05,2.66
9005,1005,2023-11-29,2030-05-31,2.65
9006,1006,2021-07-31,2037-03-08,7.49
9007,1007,2022-05-08,2037-07-06,4.14
9008,1008,2020-05-09,2027-12-26,5.61
9009,1009,2022-07-19,2040-09-25,4.29
9010,1010,2023-05-14,2033-07-04,8.14
9011,1011,2020-09-22,2035-03-29,4.06
9012,1012,2022-03-03,2035-03-13,5.08
9013,1013,2020-09-09,2029-08-20,7.74
9014,1014,2022-04-01,2036-12-11,7.55
9015,1015,2023-08-05,2032-01-02,3.62
9016,1016,2020-06-12,2031-06-02,7.32
9017,1017,2020-04-04,2031-06-29,5.25
9018,1018,2022-04-12,2033-01-25,5.4
9019,1019,2023-02-07,2038-10-22,3.3
9020,1020,2020-12-01,2028-01-13,2.98
9021,1021,2022-04-01,2038-07-16,6.87
9022,1022,2020-08-25,2038-09-25,5.48
9023,1023,2021-01-15,2028-01-05,5.12
9024,1024,2023-12-30,2033-01-05,6.88
9025,1025,2022-06-17,2037-04-05,7.09
9026,1026,2021-04-27,2028-10-13,3.45
9027,1027,2022-06-20,2029-02-08,6.16
9028,1028,2022-11-14,2033-08-18,3.31
9029,1029,2023-02-14,2029-02-19,7.01
9030,1030,2021-04-26,2031-09-13,6.44
9031,1031,2023-11-16,2037-11-27,8.24
9032,1032,2022-07-05,2030-08-04,2.91
9033,1033,2022-09-20,2036-03-13,2.84
9034,1034,2022-08-21,2028-06-06,4.19
9035,1035,2021-06-20,2028-06-05,4.07
9036,1036,2023-01-07,2040-05-10,3.98
9037,1037,2023-04-11,2033-05-09,7.94
9038,1038,2022-11-01,2029-07-24,4.0
9039,1039,2020-05-07,2033-02-08,4.13
9040,1040,2020-04-01,2038-01-23,7.06
9041,1041,2021-06-26,2039-07-20,5.2
9042,1042,2022-04-25,2040-07-12,7.16
9043,1043,2022-09-15,2037-02-14,2.89
9044,1044,2021-03-22,2034-10-08,5.43
9045,1045,2021-01-24,2038-03-07,2.7
9046,1046,2021-11-02,2033-09-27,2.88
9047,1047,2020-02-12,2035-11-18,7.94
9048,1048,2020-09-10,2036-03-13,3.34
9049,1049,2023-02-27,2028-11-16,5.69
9050,1050,2022-12-19,2032-11-30,4.97
9051,1051,2021-10-24,2037-12-02,4.58
9052,1052,2021-04-11,2038-02-18,7.9
9053,1053,2020-10-13,2031-04-17,2.63
9054,1054,2022-10-07,2027-02-08,6.48
9055,1055,2022-02-16,2033-12-19,8.28
9056,1056,2020-12-10,2040-05-07,5.86
9057,1057,2021-10-03,2030-06-10,8.12
9058,1058,2021-01-16,2035-03-10,2.81
9059,1059,2021-11-20,2033-01-05,5.01
9060,1060,2023-06-30,2036-06-30,4.06
9061,1061,2022-12-15,2034-06-01,6.88
9062,1062,2021-04-01,2027-10-29,8.39
9063,1063,2022-09-09,2028-10-08,4.04
9064,1064,2020-03-23,2040-01-11,6.43
9065,1065,2023-01-27,2031-10-26,3.69
9066,1066,2020-05-28,2038-11-30,5.89
9067,1067,2023-09-14,2028-08-20,5.28
9068,1068,2023-03-25,2028-10-23,8.33
9069,1069,2020-07-08,2038-11-09,6.15
9070,1070,2022-06-01,2030-09-30,4.6
9071,1071,2020-09-19,2034-01-25,3.18
9072,1072,2023-01-08,2037-08-04,3.41
9073,1073,2021-02-03,2036-09-07,3.85
9074,1074,2022-02-02,2040-04-27,4.01
9075,1075,2021-08-31,2038-10-18,7.6
9076,1076,2023-07-07,2039-06-25,5.87
9077,1077,2022-02-23,2027-10-10,5.64
9078,1078,2020-04-10,2037-01-26,3.19
9079,1079,2023-10-14,2031-01-26,7.66
9080,1080,2023-11-04,2038-03-06,6.84
9081,1081,2022-03-30,2038-06-15,2.91
9082,1082,2023-05-29,2028-04-05,6.75
9083,1083,2022-03-30,2033-05-14,5.76
9084,1084,2021-02-23,2037-04-12,2.99
9085,1085,2020-05-03,2033-10-04,5.25
9086,1086,2021-02-25,2031-09-21,5.41
9087,1087,2023-06-08,2030-10-08,3.49
9088,1088,2022-12-22,2034-07-06,8.17
9089,1089,2022-02-06,2028-05-29,7.6
9090,1090,2021-04-27,2028-12-03,6.51
9091,1091,2021-06-02,2031-07-12,5.27
9092,1092,2020-06-03,2032-08-28,4.97
9093,1093,2020-04-01,2027-01-23,6.41
9094,1094,2022-09-08,2033-09-26,5.77
9095,1095,2021-03-30,2030-07-28,2.87
9096,1096,2021-08-20,2036-01-14,5.58
9097,1097,2021-05-24,2027-12-28,7.34
9098,1098,2023-04-21,2037-03-16,5.26
9099,1099,2021-01-20,2030-07-08,2.81
9100,1100,2021-02-08,2028-05-29,7.22
9101,1101,2020-09-02,2028-03-24,3.71
9102,1102,2022-01-11,2032-01-30,4.05
9103,1103,2021-10-22,2040-08-09,3.49
9104,1104,2021-10-11,2036-10-02,4.48
9105,1105,2023-12-17,2033-11-25,7.04
9106,1106,2022-06-19,2035-06-09,5.62
9107,1107,2020-03-05,2030-11-29,3.73
9108,1108,2022-11-02,2037-11-11,7.77
9109,1109,2020-07-31,2029-07-11,7.78
9110,1110,2020-08-29,2035-08-04,7.72
9111,1111,2021-05-07,2032-11-29,3.93
9112,1112,2023-05-21,2033-12-22,5.21
9113,1113,2020-12-03,2035-02-27,8.41
9114,1114,2020-06-21,2033-03-31,7.13
9115,1115,2021-11-02,2034-04-03,2.66
9116,1116,2020-06-12,2027-11-10,2.89
9117,1117,2021-04-09,2034-02-26,5.28
9118,1118,2022-09-21,2035-06-11,7.96
9119,1119,2021-05-11,2033-03-06,5.73
9120,1120,2021-11-30,2029-11-03,5.49
9121,1121,2021-01-29,2036-07-21,3.13
9122,1122,2021-12-03,2034-03-19,6.44
9123,1123,2020-11-03,2037-11-27,7.43
9124,1124,2020-07-01,2031-11-14,4.78
9125,1125,2021-09-20,2040-12-28,7.15
9126,1126,2021-05-24,2037-08-31,8.29
9127,1127,2021-06-29,2030-01-29,3.72
9128,1128,2021-09-15,2028-11-28,5.64
9129,1129,2021-08-16,2032-12-19,4.22
9130,1130,2022-01-13,2030-11-05,7.26
9131,1131,2023-06-04,2029-11-09,5.97
9132,1132,2023-12-30,2032-04-13,6.31
9133,1133,2023-12-16,2029-10-10,7.29
9134,1134,2021-07-07,2027-08-15,4.88
9135,1135,2020-01-21,2032-01-03,7.99
9136,1136,2021-07-07,2040-06-18,5.7
9137,1137,2021-01-31,2032-07-16,3.45
9138,1138,2021-09-16,2040-08-06,6.68
9139,1139,2020-04-14,2033-09-18,7.26
9140,1140,2020-07-10,2032-09-16,4.4
9141,1141,2020-01-17,2038-09-23,7.64
9142,1142,2023-02-17,2029-12-16,7.94
9143,1143,2021-01-27,2040-10-15,4.16
9144,1144,2021-02-28,2033-05-09,8.4
9145,1145,2020-05-08,2035-09-26,3.34
9146,1146,2023-02-27,2034-03-15,3.71
9147,1147,2021-07-25,2034-01-07,3.61
9148,1148,2020-01-29,2036-01-06,7.86
9149,1149,2023-01-25,2039-08-27,6.43
9150,1150,2022-10-30,2036-10-26,3.41
9151,1151,2020-08-29,2039-02-18,5.14
9152,1152,2020-08-19,2035-01-26,6.19
9153,1153,2022-02-27,2037-11-03,3.0
9154,1154,2023-07-31,2034-09-14,7.79
9155,1155,2021-12-15,2034-01-27,7.32
9156,1156,2022-01-28,2027-06-11,5.53
9157,1157,2022-03-12,2028-08-16,8.3
9158,1158,2022-02-14,2035-12-04,5.01
9159,1159,2021-12-26,2038-05-18,8.4
9160,1160,2020-07-18,2035-02-10,6.51
9161,1161,2022-08-02,2037-08-24,6.31
9162,1162,2020-03-19,2036-04-13,3.5
9163,1163,2022-08-13,2039-04-29,7.79
9164,1164,2022-05-05,2028-10-25,5.06
9165,1165,2023-04-11,2030-02-06,3.47
9166,1166,2021-04-11,2028-06-25,2.58
9167,1167,2021-08-03,2040-12-11,5.86
9168,1168,2023-12-10,2035-02-22,5.66
9169,1169,2022-07-28,2029-05-17,6.82
9170,1170,2021-03-24,2032-08-28,7.84
9171,1171,2020-03-27,2028-03-07,2.98
9172,1172,2020-04-10,2040-03-28,6.89
9173,1173,2022-10-28,2038-09-18,3.62
9174,1174,2022-04-24,2030-04-21,7.65
9175,1175,2023-05-08,2033-12-03,7.41
9176,1176,2020-03-27,2030-03-15,5.74
9177,1177,2020-02-12,2029-04-10,6.76
9178,1178,2023-11-09,2031-07-10,4.39
9179,1179,2023-12-29,2030-02-10,5.33
9180,1180,2021-02-11,2034-09-11,7.43
9181,1181,2021-10-25,2028-04-20,5.26
9182,1182,2022-11-06,2034-09-11,4.65
9183,1183,2020-05-27,2030-08-19,5.47
9184,1184,2020-10-03,2040-11-14,7.47
9185,1185,2020-08-19,2029-10-16,4.51
9186,1186,2020-12-31,2032-01-11,3.54
9187,1187,2023-06-05,2038-08-27,6.77
9188,1188,2021-03-11,2033-09-14,7.46
9189,1189,2021-02-02,2038-10-03,3.1
9190,1190,2023-05-19,2030-07-07,3.94
9191,1191,2023-11-15,2028-10-21,3.35
9192,1192,2021-05-13,2032-07-03,4.59
9193,1193,2021-06-23,2028-02-03,5.2
9194,1194,2021-07-16,2031-09-30,6.99
9195,1195,2021-03-17,2032-10-26,6.41
9196,1196,2023-07-08,2032-12-11,6.23
9197,1197,2022-02-11,2027-03-16,4.61
9198,1198,2020-12-15,2039-11-11,7.55
9199,1199,2023-10-07,2036-07-03,5.33
9200,1200,2021-06-03,2029-04-16,8.37
